system_id,system_profile,security_definition_type,system_profile_child,entitlement,action
HBAP-CN-A-HTSAHBCNSMPS-01,TestUser,E,,COMPANY CREDIT,
HBAP-CN-A-HTSAHBCNSMPS-01,TestUser,E,,COMPANY CREDIT AUTHORIZE,
HBAP-CN-A-HTSAHBCNSMPS-01,TestUser,E,,COMPANY CREDIT INQUIRY,
HBAP-CN-A-HTSAHBCNSMPS-01,TestUser,E,,COMPANY COLLECTION,
HBAP-CN-A-HTSAHBCNSMPS-01,TestUser,E,,COMPANY COLLECTION AUTHORIZE,
HBAP-CN-A-HTSAHBCNSMPS-01,Business Manager,E,,COMPANY CREDIT AUTHORIZE,
HBAP-CN-A-HTSAHBCNSMPS-01,Business Manager,E,,COMPANY COLLECTION AUTHORIZE,
HBAP-CN-A-HTSAHBCNSMPS-01,Business Manager,E,,ABNORMAL RECORD REPORT,
HBAP-CN-A-HTSAHBCNSMPS-01,Business Manager,E,,SUMMARY RECORD REPORT,
HBAP-CN-A-HTSAHBCNSMPS-01,Business Manager,E,,INQUIRY AND REVIEW,
HBAP-CN-A-HTSAHBCNSMPS-01,Business Manager,E,,CREDIT INQUIRY,
HBAP-CN-A-HTSAHBCNSMPS-01,Business Manager,E,,FREE FORMAT,
HBAP-CN-A-HTSAHBCNSMPS-01,Business Manager,E,,CREDIT RETURN INQUIRY,
HBAP-CN-A-HTSAHBCNSMPS-01,Business Manager,E,,BANKCODE INQUIRY,
HBAP-CN-A-HTSAHBCNSMPS-01,Business Manager,E,,CREDIT AUTHORIZE,
HBAP-CN-A-HTSAHBCNSMPS-01,Business Operator,E,,COMPANY CREDIT,
HBAP-CN-A-HTSAHBCNSMPS-01,Business Operator,E,,COMPANY CREDIT AUTHORIZE,
HBAP-CN-A-HTSAHBCNSMPS-01,Business Operator,E,,COMPANY CREDIT INQUIRY,
HBAP-CN-A-HTSAHBCNSMPS-01,Business Operator,E,,COMPANY COLLECTION,
HBAP-CN-A-HTSAHBCNSMPS-01,Business Operator,E,,COMPANY COLLECTION AUTHORIZE,
HBAP-CN-A-HTSAHBCNSMPS-01,Business Operator,E,,ABNORMAL RECORD REPORT,
HBAP-CN-A-HTSAHBCNSMPS-01,Business Operator,E,,SUMMARY RECORD REPORT,
HBAP-CN-A-HTSAHBCNSMPS-01,Business Operator,E,,CREDIT POST,
HBAP-CN-A-HTSAHBCNSMPS-01,Business Operator,E,,INQUIRY AND REVIEW,
HBAP-CN-A-HTSAHBCNSMPS-01,Business Operator,E,,CREDIT INQUIRY,
HBAP-CN-A-HTSAHBCNSMPS-01,Business Operator,E,,FREE FORMAT,
HBAP-CN-A-HTSAHBCNSMPS-01,Business Operator,E,,CREDIT RETURN,
HBAP-CN-A-HTSAHBCNSMPS-01,Business Operator,E,,CREDIT RETURN INQUIRY,
HBAP-CN-A-HTSAHBCNSMPS-01,Business Operator,E,,BANKCODE INQUIRY,
HBAP-CN-A-HTSAHBCNSMPS-01,System Operator,E,,ABNORMAL RECORD REPORT,
HBAP-CN-A-HTSAHBCNSMPS-01,System Operator,E,,SUMMARY RECORD REPORT,
HBAP-CN-A-HTSAHBCNSMPS-01,System Operator,E,,USER MANAGEMENT,
HBAP-CN-A-HTSAHBCNSMPS-01,System Operator,E,,CREDIT INQUIRY,
HBAP-CN-A-HTSAHBCNSMPS-01,System Operator,E,,CREDIT RETURN INQUIRY,
HBAP-CN-A-HTSAHBCNSMPS-01,System Operator,E,,BANKCODE INQUIRY,
HBAP-CN-A-HTSAHBCNSMPS-01,System Manager,E,,ABNORMAL RECORD REPORT,
HBAP-CN-A-HTSAHBCNSMPS-01,System Manager,E,,SUMMARY RECORD REPORT,
HBAP-CN-A-HTSAHBCNSMPS-01,System Manager,E,,USER MANAGEMENT,
HBAP-CN-A-HTSAHBCNSMPS-01,System Manager,E,,CREDIT INQUIRY,
HBAP-CN-A-HTSAHBCNSMPS-01,System Manager,E,,CREDIT RETURN INQUIRY,
HBAP-CN-A-HTSAHBCNSMPS-01,System Manager,E,,BANKCODE INQUIRY,
HBAP-CN-A-HTSAHBCNSMPS-01,System Manager,E,,SYSTEM PARAMETER MANAGEMENT,
HBAP-CN-A-HTSAHBCNSMPS-01,System Manager,E,,USER GROUP MANAGEMENT,
HBAP-CN-A-HTSAHBCNSMPS-01,TestUser,E,,COMPANY CREDIT REPORT,
HBAP-CN-A-HTSAHBCNSMPS-01,TestUser,E,,CREDIT POST,
HBAP-CN-A-HTSAHBCNSMPS-01,TestUser,E,,FREE FORMAT,
HBAP-CN-A-HTSAHBCNSMPS-01,TestUser,E,,CREDIT RETURN,
TRAILER,01162018171041,47