account_id,person_id,native_first_name,native_middle_name,native_last_name,last_login_timestamp,creation_timestamp,account_type,account_status,native_account_status,system_id,system_region,system_entity
44168334,44168334,ELVA ZHANG,,,09262014000000,03092008000000,User,Active,,HBAP-CN-A-HTSAHBCNSMPS-01,HBCN,CN
45692183,45692183,ELAINE LIU,,,06012016000000,07082011000000,User,Active,,HBAP-CN-A-HTSAHBCNSMPS-01,HBCN,CN
43286591,43286591,CHERRY ZOU,,,08132012000000,07052010000000,User,Active,,HBAP-CN-A-HTSAHBCNSMPS-01,HBCN,CN
45223112,45223112,JEFF LI,,,01292011000000,03092008000000,User,Active,,HBAP-CN-A-HTSAHBCNSMPS-01,HBCN,CN
41166286,41166286,KATE CHEN,,,11282011000000,03092008000000,User,Active,,HBAP-CN-A-HTSAHBCNSMPS-01,HBCN,CN
43318596,43318596,CHLOE JIANG,,,12222010000000,12212010000000,User,Active,,HBAP-CN-A-HTSAHBCNSMPS-01,HBCN,CN
47622533,47622533,JASON ZHANG,,,,12212010000000,User,Active,,HBAP-CN-A-HTSAHBCNSMPS-01,HBCN,CN
43338657,43338657,ADA CHEN,,,11102017000000,03092008000000,User,Active,,HBAP-CN-A-HTSAHBCNSMPS-01,HBCN,CN
34020747,34020747,CANDY WANG,,,11102017000000,03092008000000,User,Active,,HBAP-CN-A-HTSAHBCNSMPS-01,HBCN,CN
43341522,43341522,IRIS WANG,,,11102017000000,07052010000000,User,Active,,HBAP-CN-A-HTSAHBCNSMPS-01,HBCN,CN
43751234,43751234,Melo Luo Xia,,,11102017000000,01062013000000,User,Active,,HBAP-CN-A-HTSAHBCNSMPS-01,HBCN,CN
34020630,34020630,Zoe Wei,,,11102017000000,06232017000000,User,Active,,HBAP-CN-A-HTSAHBCNSMPS-01,HBCN,CN
TRAILER,01162018171041,12