account_id,system_id,account_source,entitlement_type,system_profile,entitlement,action
44168334,HBAP-CN-A-HTSAHBCNSMPS-01,System,P,System Operator,,
45692183,HBAP-CN-A-HTSAHBCNSMPS-01,System,P,Business Operator,,
43286591,HBAP-CN-A-HTSAHBCNSMPS-01,System,P,Business Operator,,
45223112,HBAP-CN-A-HTSAHBCNSMPS-01,System,P,System Manager,,
41166286,HBAP-CN-A-HTSAHBCNSMPS-01,System,P,System Operator,,
43318596,HBAP-CN-A-HTSAHBCNSMPS-01,System,P,System Manager,,
47622533,HBAP-CN-A-HTSAHBCNSMPS-01,System,P,System Manager,,
43338657,HBAP-CN-A-HTSAHBCNSMPS-01,System,P,Business Manager,,
34020747,HBAP-CN-A-HTSAHBCNSMPS-01,System,P,System Operator,,
43341522,HBAP-CN-A-HTSAHBCNSMPS-01,System,P,Business Manager,,
43751234,HBAP-CN-A-HTSAHBCNSMPS-01,System,P,Business Operator,,
34020630,HBAP-CN-A-HTSAHBCNSMPS-01,System,P,Business Manager,,
TRAILER,01162018171041,12