<?xml version="1.0" encoding="utf-8" ?>

<!DOCTYPE struts-config PUBLIC
          "-//Apache Software Foundation//DTD Struts Configuration 1.2//EN"
          "http://jakarta.apache.org/struts/dtds/struts-config_1_2.dtd">
<struts-config>
	<form-beans>
		
		<form-bean name="hvSndexchglistForm"  type="com.ylink.cnaps2.hvps.formbeans.HvSndExchglistForm"/>
		<form-bean  name="cmBankinfoForm" type="com.ylink.cnaps2.ccms.formbeans.CmBankinfoForm"/>
		<form-bean name="hvTrofacsndlistForm"  type="com.ylink.cnaps2.hvps.formbeans.HvTrofacsndlistForm"/>
		<form-bean name="hvGrantForm"  type="com.ylink.cnaps2.hvps.formbeans.HvGrantForm"/>
		<form-bean name="hvfreeinfoForm" type="com.ylink.cnaps2.hvps.formbeans.HvCmFreeinfoForm" />
		<form-bean name="hvtransqryForm" type="com.ylink.cnaps2.hvps.formbeans.HvCmTransinfoqryForm" />
		<form-bean name="hvtransrepealForm" type="com.ylink.cnaps2.hvps.formbeans.HvCmTransrepealForm" />
		<form-bean name="hvReportForm"  type="com.ylink.cnaps2.hvps.formbeans.HvReportForm"/>
		<form-bean name="cmLogonForm" type="com.ylink.cnaps2.ccms.formbeans.CmLogonForm"></form-bean>
		<form-bean name="hvtransstqryForm" type="com.ylink.cnaps2.ccms.formbeans.CmTransstqryForm" />
		<form-bean name="hvPvpsetofacForm" type="com.ylink.cnaps2.hvps.formbeans.HvPvpsetofacForm" />
		<form-bean name="hvDraftForm" type="com.ylink.cnaps2.hvps.formbeans.HvDraftForm" />
		<form-bean name="cmPmtrtrlistForm" type="com.ylink.cnaps2.ccms.formbeans.CmPmtrtrlistForm"></form-bean>
		<form-bean name="hvCheckclForm" type="com.ylink.cnaps2.hvps.formbeans.HvCheckclForm"></form-bean>
		<form-bean name="hvItrfntfctnForm" type="com.ylink.cnaps2.hvps.formbeans.HvItrfntfctnForm"></form-bean>
		<form-bean name="hvps309Form" type="com.ylink.mbis2.hvps.hvps309.formbeans.Hvps309Form"></form-bean>
		
		<!-- 大额即时转帐清单Form -->
		<form-bean name="hvRTimeBTForm"
			type="com.ylink.cnaps2.hvps.formbeans.HvRTimeBTForm" />
		
		<!-- 大额手工对帐 -->
		<form-bean name="hvHandCheckForm"
			type="com.ylink.cnaps2.hvps.formbeans.HvHandCheckForm" />
		
		<!-- 大额即时转帐已清算来帐清单和凭证Form -->
		<form-bean name="hvRTimeCreditReportForm"
			type="com.ylink.cnaps2.hvps.formbeans.HvRTimeCreditReportForm" />
		<!-- 大额即时转帐排队/撤消通知清单Form -->
		<form-bean name="hvRTimeQueRevReportForm"
			type="com.ylink.cnaps2.hvps.formbeans.HvRTimeQueRevReportForm" />
		<!-- 大额大额支付交易已清算往账清单Form -->
		<form-bean name="hvSentLiquidatedReportForm"
			type="com.ylink.cnaps2.hvps.formbeans.HvSentLiquidatedReportForm" />
		<!-- 大额支付业务往账明细清单Form fq -->
		<form-bean name="hvSentDetailReportForm"
			type="com.ylink.cnaps2.hvps.formbeans.HvSentDetailReportForm" />
		<!-- 大额支付交易已清算来账清单Form fq -->
		<form-bean name="hvRecvLiquidatedReportForm"
			type="com.ylink.cnaps2.hvps.formbeans.HvRecvLiquidatedReportForm" />
		<!-- 大额支付业务来账明细清单Form fq -->
		<form-bean name="hvRecvDetailReportForm"
			type="com.ylink.cnaps2.hvps.formbeans.HvRecvDetailReportForm" />
		<!-- 大额支付交易异常往账清单Form fq -->
		<form-bean name="hvSentErrorReportForm"
			type="com.ylink.cnaps2.hvps.formbeans.HvSentErrorReportForm" />
		<!-- 大额支付交易异常来账清单Form fq -->
		<form-bean name="hvRecvErrorReportForm"
			type="com.ylink.cnaps2.hvps.formbeans.HvRecvErrorReportForm" />
		<!-- 大额自由格式清单Form fq -->
		<form-bean name="hvFreeInfoReportForm"
			type="com.ylink.cnaps2.hvps.formbeans.HvFreeInfoReportForm" />
		<!-- 大额查询查复清单Form fq -->
		<form-bean name="hvQueryAndReplyReportForm"
			type="com.ylink.cnaps2.hvps.formbeans.HvQueryAndReplyReportForm" />
		<!-- 大额申请退回清单Form fq -->
		<form-bean name="hvReqAndRspReportForm"
			type="com.ylink.cnaps2.hvps.formbeans.HvReqAndRspReportForm" />
		<!-- 大额申请退回清单Form fq -->
		<form-bean name="hvDisFrockReportForm"
			type="com.ylink.cnaps2.hvps.formbeans.HvDisFrockReportForm" />
		<!-- 大额汇兑业务凭证汇总Form fq -->
		<form-bean name="hvSndexchglistForm"  type="com.ylink.cnaps2.hvps.formbeans.HvSndExchglistForm"/>
		
		                                                                                                            
		<!-- 日间透支记息清单  -->                                                                                          
		<form-bean name="hvDayOverIntReportForm" type="com.ylink.cnaps2.hvps.formbeans.HvDayOverIntReportForm" />   
		<!-- 日终对账汇总结果查询  -->                                                                                        
		<form-bean name="hvDayCheckClReportForm" type="com.ylink.cnaps2.hvps.formbeans.HvDayCheckClReportForm" />   
		                                                                                                            
		<!-- 大额业务汇总日报表  -->
		<form-bean name="hvDayCollectReportForm" type="com.ylink.cnaps2.hvps.formbeans.HvDayCollectReportForm" />
	
	</form-beans>

	<global-forwards></global-forwards>

	<action-mappings>
		<!--*************************大额支付业务*************************-->
		<action path="/hvps/payment/input" scope="request">
			<forward name="hvps1" path="/jsp/hvps/payment/input/hvps1.jsp" />
			<forward name="hvps2" path="/jsp/hvps/payment/input/hvps2.jsp" />
		</action>
	 	<!-- 大额汇兑业务 -客户端发起汇兑业务 -->
	     <action path="/hvps/payment/add111" name="hvSndexchglistForm" scope="request" parameter="method">
	        <forward name="toA100" path="/jsp/hvps/payment/input/hvps111/A100.jsp" />  
	     	<forward name="toA101" path="/jsp/hvps/payment/input/hvps111/A101.jsp" />
	     	<forward name="toA102" path="/jsp/hvps/payment/input/hvps111/A102.jsp" />
	     	<forward name="toA105" path="/jsp/hvps/payment/input/hvps111/A105.jsp" />
	     	<forward name="toA201" path="/jsp/hvps/payment/input/hvps111/A201.jsp" />
	     	<forward name="toA203" path="/jsp/hvps/payment/input/hvps111/A203.jsp" />
	     	<forward name="toA204" path="/jsp/hvps/payment/input/hvps111/A204.jsp" />
	        <forward name="toA108" path="/jsp/hvps/payment/input/hvps111/A108.jsp" />
	        <forward name="toA109" path="/jsp/hvps/payment/input/hvps111/A109.jsp" />
	     	<forward name="toA110" path="/jsp/hvps/payment/input/hvps111/A110.jsp" />
	     	<forward name="toA111" path="/jsp/hvps/payment/input/hvps111/A111.jsp" />
	     	<forward name="toA112" path="/jsp/hvps/payment/input/hvps111/A112.jsp" />
	        <forward name="toA113" path="/jsp/hvps/payment/input/hvps111/A113.jsp" />
	     	<forward name="toA202" path="/jsp/hvps/payment/input/hvps111/A202.jsp" />
	     </action>
		 <!-- 大额汇兑业务 -金融机构发起 -->
	   	<action path="/hvps/payment/addHvps112" name="hvSndexchglistForm" scope="request" parameter="method">
	    	<!-- 大额汇兑业务 人行跨区域票据交换轧差净额 -->
	  	     <forward name="toA114" path="/jsp/hvps/payment/input/hvps112/A114.jsp" />
			 <!-- 大额汇兑业务 国库资金贷记划拨 -->
			<forward name="toA104" path="/jsp/hvps/payment/input/hvps112/A104.jsp" />
	  		 <!-- 大额汇兑业务 国库同城交换净额清算 -->
			<forward name="toA103" path="/jsp/hvps/payment/input/hvps112/A103.jsp" />
			 <!-- 大额汇兑业务 国库资金国债兑付贷记划拨 -->
			<forward name="toA307" path="/jsp/hvps/payment/input/hvps112/A307.jsp" />
			 <!-- 大额汇兑业务 支取发行基金 -->
			<forward name="toA106" path="/jsp/hvps/payment/input/hvps112/A106.jsp" />
			 <!-- 大额汇兑业务 再贷款 -->
			<forward name="toA115" path="/jsp/hvps/payment/input/hvps112/A115.jsp" />
			 <!-- 大额汇兑业务 再贴现 -->
			<forward name="toA116" path="/jsp/hvps/payment/input/hvps112/A116.jsp" />
			 <!-- 大额汇兑业务 票据转贴现 -->
			<forward name="toA117" path="/jsp/hvps/payment/input/hvps112/A117.jsp" />
			 <!-- 大额汇兑业务 跨境支付 -->
			<forward name="toA113" path="/jsp/hvps/payment/input/hvps112/A113.jsp" />
			<!-- 大额汇兑业务 行间资金汇划 -->
			<forward name="toA200" path="/jsp/hvps/payment/input/hvps112/A200.jsp" />
			 <!-- 大额汇兑业务 外汇清算 -->
			<forward name="toA112" path="/jsp/hvps/payment/input/hvps112/A112.jsp" />
			 <!-- 大额汇兑业务 退汇 -->
			<forward name="toA105" path="/jsp/hvps/payment/input/hvps112/A105.jsp" />
		</action>
		<!-- 大额汇兑业务 -即时转账业务 -->
	   <action path="/hvps/payment/addHvps141" name="hvTrofacsndlistForm" scope="request" parameter="method">
	  		 <!-- 公开市场交易结算 -->
			<forward name="toG101" path="/jsp/hvps/payment/input/hvps141/G101.jsp" />
			 <!-- 债券市场交易结算 -->
			<forward name="toG102" path="/jsp/hvps/payment/input/hvps141/G102.jsp" />
			 <!-- 债券发行、兑付及收益划拨 -->
			<forward name="toG103" path="/jsp/hvps/payment/input/hvps141/G103.jsp" />
			<!-- 银行卡轧差净额 -->
			<forward name="toG104" path="/jsp/hvps/payment/input/hvps141/G104.jsp" />
			<!-- 电子商业汇票资金清算 -->
			<forward name="toG105" path="/jsp/hvps/payment/input/hvps141/G105.jsp" />
			 <!-- 外汇交易市场结算 -->
			<forward name="toG106" path="/jsp/hvps/payment/input/hvps141/G106.jsp" />
			 <!-- 资金池结算 -->
			<forward name="toG107" path="/jsp/hvps/payment/input/hvps141/G107.jsp" />
			 <!-- 日终自动拆借-->
			<forward name="toG108" path="/jsp/hvps/payment/input/hvps141/G108.jsp" />
			 <!--质押融资 -->
			<forward name="toG109" path="/jsp/hvps/payment/input/hvps141/G109.jsp" />
		</action>
		<!-- 客户发起汇兑报文  CMT支付报文 录入 -->
		<action path="/hvps/payment/addCMT" name="hvSndexchglistForm" scope="request" parameter="method">
			<forward name="toCMT100" path="/jsp/hvps/payment/input/cmt/CMT100.jsp" />
			<forward name="toCMT101" path="/jsp/hvps/payment/input/cmt/CMT101.jsp" />
			<forward name="toCMT102" path="/jsp/hvps/payment/input/cmt/CMT102.jsp" />
			<forward name="toCMT103" path="/jsp/hvps/payment/input/cmt/CMT103.jsp" />
			<forward name="toCMT105" path="/jsp/hvps/payment/input/cmt/CMT105.jsp" />
			<forward name="toCMT108" path="/jsp/hvps/payment/input/cmt/CMT108.jsp" />
			<forward name="modifyQuery" path="/jsp/hvps/payment/modifyQuery.jsp" />
		</action>
		<action path="/hvps/payment/HvCheck" name="hvSndexchglistForm" scope="request"  parameter="method">
			<!-- 跳转检查CMT ACTION -->
			<forward name="hvpscheckCMT" path="/hvps/payment/CheckHvCMT.do?method=checkUI"></forward>
			<!-- 跳转检查 111 ACTION -->
			<forward name="hvpscheck111" path="/hvps/payment/CheckHv111.do?method=checkUI"></forward>
			<!-- 跳转检查 112 ACTION -->
			<forward name="hvpscheck112" path="/hvps/payment/CheckHv112.do?method=checkUI"></forward>
			<!-- 跳转检查 141 ACTION -->
			<forward name="hvpscheck141" path="/hvps/payment/CheckHv141.do?method=checkUI"></forward>
			<!-- 跳转检查143 ACTION -->
			<forward name="hvpscheck143" path="/hvps/payment/CheckHv143.do?method=checkUI"></forward>
			<forward name="hvpscheckIndex" path="/jsp/hvps/payment/check/checkIndex.jsp"></forward>
		</action>
		<action path="/hvps/payment/CheckHvCMT" name="hvSndexchglistForm" scope="request"  parameter="method">
			<forward name="hvpscheckCMT100" path="/jsp/hvps/payment/check/cmt/CMT100.jsp"></forward>
			<forward name="hvpscheckCMT101" path="/jsp/hvps/payment/check/cmt/CMT101.jsp"></forward>
			<forward name="hvpscheckCMT102" path="/jsp/hvps/payment/check/cmt/CMT102.jsp"></forward>
			<forward name="hvpscheckCMT103" path="/jsp/hvps/payment/check/cmt/CMT103.jsp"></forward>
			<forward name="hvpscheckCMT105" path="/jsp/hvps/payment/check/cmt/CMT105.jsp"></forward>
			<forward name="hvpscheckCMT108" path="/jsp/hvps/payment/check/cmt/CMT108.jsp"></forward>
			<forward name="hvpscheckIndex" path="/jsp/hvps/payment/check/checkIndex.jsp"></forward>
			
		</action>
		<action path="/hvps/payment/CheckHv111" name="hvSndexchglistForm" scope="request"  parameter="method">
			<forward name="hvpscheckA100" path="/jsp/hvps/payment/check/hvps111/A100.jsp" />
        	<forward name="hvpscheckA101" path="/jsp/hvps/payment/check/hvps111/A101.jsp" />
     		<forward name="hvpscheckA102" path="/jsp/hvps/payment/check/hvps111/A102.jsp" />
     	    <forward name="hvpscheckA105" path="/jsp/hvps/payment/check/hvps111/A105.jsp" />
     	    <forward name="hvpscheckA201" path="/jsp/hvps/payment/check/hvps111/A201.jsp" />
			<forward name="hvpscheckA307" path="/jsp/hvps/payment/check/hvps111/A307.jsp" />
	    	<forward name="hvpscheckA202" path="/jsp/hvps/payment/check/hvps111/A202.jsp" />
	    	<forward name="hvpscheckA203" path="/jsp/hvps/payment/check/hvps111/A203.jsp" />
	    	<forward name="hvpscheckA204" path="/jsp/hvps/payment/check/hvps111/A204.jsp" />
	    	<forward name="hvpscheckA108" path="/jsp/hvps/payment/check/hvps111/A108.jsp" />
	    	<forward name="hvpscheckA109" path="/jsp/hvps/payment/check/hvps111/A109.jsp" />
	    	<forward name="hvpscheckA110" path="/jsp/hvps/payment/check/hvps111/A110.jsp" />
	    	<forward name="hvpscheckA111" path="/jsp/hvps/payment/check/hvps111/A111.jsp" />
	    	<forward name="hvpscheckA112" path="/jsp/hvps/payment/check/hvps111/A112.jsp" />
	    	<forward name="hvpscheckA113" path="/jsp/hvps/payment/check/hvps111/A113.jsp" />
	    	<forward name="hvpscheckA114" path="/jsp/hvps/payment/check/hvps111/A114.jsp" />
			<forward name="hvpscheckIndex" path="/jsp/hvps/payment/check/checkIndex.jsp"></forward>
		</action>
		<action path="/hvps/payment/CheckHv112" name="hvSndexchglistForm" scope="request"  parameter="method">
			 <!-- 大额汇兑业务 国库同城交换净额清算 -->
			<forward name="hvpscheckA103" path="/jsp/hvps/payment/check/hvps112/A103.jsp" />
			 <!-- 大额汇兑业务 国库资金贷记划拨 -->
			<forward name="hvpscheckA104" path="/jsp/hvps/payment/check/hvps112/A104.jsp" />
			 <!-- 大额汇兑业务 支取发行基金 -->
			<forward name="hvpscheckA106" path="/jsp/hvps/payment/check/hvps112/A106.jsp" />
			<!-- 大额汇兑业务 内地机构境外发行债券结算 -->
			<forward name="hvpscheckA107" path="/jsp/hvps/payment/check/hvps112/A107.jsp" />
			<!-- 大额汇兑业务 行间资金汇划 -->
			<forward name="hvpscheckA200" path="/jsp/hvps/payment/check/hvps112/A200.jsp" />
			 <!-- 大额汇兑业务 国库资金国债兑付贷记划拨 -->
			<forward name="hvpscheckA307" path="/jsp/hvps/payment/check/hvps112/A307.jsp" />
			<forward name="hvpscheckA105" path="/jsp/hvps/payment/check/hvps112/A105.jsp" />
			<forward name="hvpscheckA112" path="/jsp/hvps/payment/check/hvps112/A112.jsp" />
			<forward name="hvpscheckA113" path="/jsp/hvps/payment/check/hvps112/A113.jsp" />
			<forward name="hvpscheckA117" path="/jsp/hvps/payment/check/hvps112/A117.jsp" />
			<forward name="hvpscheckA116" path="/jsp/hvps/payment/check/hvps112/A116.jsp" />
			<forward name="hvpscheckA115" path="/jsp/hvps/payment/check/hvps112/A115.jsp" />
			<forward name="hvpscheckA114" path="/jsp/hvps/payment/check/hvps112/A114.jsp" />
			<forward name="hvpscheckIndex" path="/jsp/hvps/payment/check/checkIndex.jsp"></forward>
		</action>
		<!-- 大额汇兑业务 -即时转账业务 -->
	   <action path="/hvps/payment/CheckHv141" name="hvTrofacsndlistForm" scope="request" parameter="method">
	  		 <!-- 公开市场交易结算 -->
			<forward name="hvpscheckG101" path="/jsp/hvps/payment/check/hvps141/G101.jsp" />
			 <!-- 债券市场交易结算 -->
			<forward name="hvpscheckG102" path="/jsp/hvps/payment/check/hvps141/G102.jsp" />
			 <!-- 债券发行、兑付及收益划拨 -->
			<forward name="hvpscheckG103" path="/jsp/hvps/payment/check/hvps141/G103.jsp" />
			<!-- 银行卡轧差净额 -->
			<forward name="hvpscheckG104" path="/jsp/hvps/payment/check/hvps141/G104.jsp" />
			<!-- 电子商业汇票资金清算 -->
			<forward name="hvpscheckG105" path="/jsp/hvps/payment/check/hvps141/G105.jsp" />
			 <!-- 外汇交易市场结算 -->
			<forward name="hvpscheckG106" path="/jsp/hvps/payment/check/hvps141/G106.jsp" />
			 <!-- 资金池结算 -->
			<forward name="hvpscheckG107" path="/jsp/hvps/payment/check/hvps141/G107.jsp" />
			 <!-- 日终自动拆借-->
			<forward name="hvpscheckG108" path="/jsp/hvps/payment/check/hvps141/G108.jsp" />
			 <!--质押融资 -->
			<forward name="hvpscheckG109" path="/jsp/hvps/payment/check/hvps141/G109.jsp" />
			
			<forward name="hvpscheckIndex" path="/jsp/hvps/payment/check/checkIndex.jsp"></forward>
		</action>
		
		<!-- 大额 PVP结算业务 复核 -->
		<action path="/hvps/payment/CheckHv143" name="hvPvpsetofacForm" scope="request" parameter="method">
			<forward name="check143" path="/jsp/hvps/payment/check/hvps143/checkPVP.jsp" />
			<forward name="hvpscheckIndex" path="/jsp/hvps/payment/check/checkIndex.jsp" />
		</action>
		<action path="/hvps/payment/grant" name="hvGrantForm" scope="request" parameter="method">
			<forward name="grantQuery" path="/jsp/hvps/payment/grant/grantQuery.jsp" />
			<!-- 
			<forward name="grant" path="/jsp/hvps/payment/grant/grant.jsp" />
			<forward name="grantCMT" path="/jsp/hvps/payment/grant/grantCMT.jsp" />
			<forward name="grant141" path="/jsp/hvps/payment/grant/grant141.jsp" />
			 -->
			<forward name="forwardErrorDetailPage" path="/jsp/hvps/payment/search/details/forwardErrorPage.jsp"/>
		    <forward name="hvps111SndDtl" path="/jsp/hvps/payment/search/details/hvps111SndDtl.jsp"/>           
		    <forward name="hvps111RcvDtl" path="/jsp/hvps/payment/search/details/hvps111RcvDtl.jsp"/>
		    <forward name="hvps112SndDtl" path="/jsp/hvps/payment/search/details/hvps112SndDtl.jsp"/>           
		    <forward name="hvps112RcvDtl" path="/jsp/hvps/payment/search/details/hvps112RcvDtl.jsp"/>
		    <!-- add by zwc 20180321 大额延迟结算相关报文 -->
		    <forward name="hvps115SndDtl" path="/jsp/hvps/payment/search/details/hvps115SndDtl.jsp"/>           
		    <forward name="hvps115RcvDtl" path="/jsp/hvps/payment/search/details/hvps115RcvDtl.jsp"/>
		    <forward name="hvps116SndDtl" path="/jsp/hvps/payment/search/details/hvps116SndDtl.jsp"/>           
		    <forward name="hvps116RcvDtl" path="/jsp/hvps/payment/search/details/hvps116RcvDtl.jsp"/>
		    <forward name="hvps118SndDtl" path="/jsp/hvps/payment/search/details/hvps118SndDtl.jsp"/>           
		    <forward name="hvps118RcvDtl" path="/jsp/hvps/payment/search/details/hvps118RcvDtl.jsp"/>
		    <!-- add end -->
		    <forward name="cmtSndDtl" path="/jsp/hvps/payment/search/details/cmtSndDtl.jsp"/>           
		    <forward name="cmtRcvDtl" path="/jsp/hvps/payment/search/details/cmtRcvDtl.jsp"/>
		    <forward name="trofacSndDtl" path="/jsp/hvps/payment/search/details/trofacSndDtl.jsp"/> 
		    <forward name="trofacRcvDtl" path="/jsp/hvps/payment/search/details/trofacRcvDtl.jsp"/> 
		</action>
		 <!-- 大额往来帐查询 -->
		<action path="/hvpsSearch" scope="request" name="hvSndexchglistForm" parameter="method">
            <!-- for search page -->
		    <forward name="hvSndRcvSearch" path="/jsp/hvps/payment/search/hvSndRcvSearch.jsp" /> 
		    <!-- 查询已排队的业务 -->
		    <forward name="queuing" path="/jsp/saps/saps365/hvQueuingList.jsp" /> 
		    
		    <forward name="forwardErrorDetailPage" path="/jsp/hvps/payment/search/details/forwardErrorPage.jsp"/>
		    
		    <!-- 
		    <forward name="exchgSndDtl" path="/jsp/hvps/payment/search/details/exchgSndDtl.jsp"/>           
		    <forward name="exchgRcvDtl" path="/jsp/hvps/payment/search/details/exchgRcvDtl.jsp"/>  
		     -->
		    <forward name="hvps111SndDtl" path="/jsp/hvps/payment/search/details/hvps111SndDtl.jsp"/>           
		    <forward name="hvps111RcvDtl" path="/jsp/hvps/payment/search/details/hvps111RcvDtl.jsp"/>
		    <forward name="hvps112SndDtl" path="/jsp/hvps/payment/search/details/hvps112SndDtl.jsp"/>           
		    <forward name="hvps112RcvDtl" path="/jsp/hvps/payment/search/details/hvps112RcvDtl.jsp"/>
		    
		    <forward name="cmtSndDtl" path="/jsp/hvps/payment/search/details/cmtSndDtl.jsp"/>           
		    <forward name="cmtRcvDtl" path="/jsp/hvps/payment/search/details/cmtRcvDtl.jsp"/>
		    
		    <forward name="trofacSndDtl" path="/jsp/hvps/payment/search/details/trofacSndDtl.jsp"/> 
		    <forward name="trofacRcvDtl" path="/jsp/hvps/payment/search/details/trofacRcvDtl.jsp"/> 
		    <!-- end  -->
		    <forward name="bankselect" path="/jsp/hvps/payment/input/hvps111/bankSelect.jsp" />
		</action>
		<action path="/hvps/payment/search" name="cmBankinfoForm" scope="request" parameter="method">
			<forward name="bankselect" path="/jsp/hvps/payment/input/hvps111/bankSelect.jsp"></forward>
		</action>
		<!-- 大额修改 -->
		<action path="/hvps/payment/hvModify" name="hvSndexchglistForm" scope="request" parameter="method">
			<forward name="modifyQuery" path="/jsp/hvps/payment/modifyQuery.jsp" />
		</action>
		<!-- 大额PVP结算业务录入 -->
		<action path="/hvps/payment/addHvps143" name="hvPvpsetofacForm" scope="request" parameter="method">
			<forward name="addPVP" path="/jsp/hvps/payment/pvp/addPVP.jsp" />
		</action>
		<!-- 大额PVP结算业务查询 -->
		<action path="/hvps/payment/pvpQuery" name="hvPvpsetofacForm" scope="request" parameter="method">
			<forward name="pvpQuery" path="/jsp/hvps/payment/pvp/pvpQuery.jsp" />
			<forward name="pvpDetail" path="/jsp/hvps/payment/pvp/pvpDetail.jsp" />
		</action>
		<!-- 大额申请清算城市商业银行汇票资金 业务 录入 -->
		<action path="/hvps/payment/addHvps151" name="hvDraftForm" scope="request" parameter="method">
			<forward name="addHvps151" path="/jsp/hvps/payment/draft/addHvps151.jsp" />
		</action>
		<!-- 申请清算城市商业银行汇票资金 业务查询 -->
		<action path="/hvps/payment/draftQuery" name="hvDraftForm" scope="request" parameter="method">
			<forward name="draftQuery" path="/jsp/hvps/payment/draft/draftQuery.jsp" />
			<forward name="draftDetail" path="/jsp/hvps/payment/draft/draftDetail.jsp" />
		</action>
		
		<!--*************************大额管理信息模块*************************-->
		<!-- 通用非签名业务报文添加 -->
		<action path="/hvps/ccms/addHv310" name="cmCnotsgninfbizForm" scope="request" parameter="method">
		    <forward name="toAnswer" path="/jsp/hvps/ccms/hvps310/answer.jsp" />
		    <forward name="toAdd" path="/jsp/hvps/ccms/hvps310/add.jsp" />
		    <forward name="list" path="/jsp/hvps/ccms/hvps310/list.jsp" />
		    <forward name="detail" path="/jsp/hvps/ccms/hvps310/detail.jsp" />
		    <forward name="toAddAttch" path="/jsp/hvps/ccms/hvps310/addAttch.jsp" />
		</action>
		<!-- 通用签名业务报文添加 -->
		<action path="/hvps/ccms/addHv312" name="cmCnotsgninfbizForm" scope="request" parameter="method">
		    <forward name="toAnswer" path="/jsp/hvps/ccms/hvps312/answer.jsp" />
		    <forward name="toAdd" path="/jsp/hvps/ccms/hvps312/add.jsp" />
		    <forward name="list" path="/jsp/hvps/ccms/hvps312/list.jsp" />
		    <forward name="detail" path="/jsp/hvps/ccms/hvps312/detail.jsp" />
		    <forward name="toAddAttch" path="/jsp/hvps/ccms/hvps312/addAttch.jsp" />
		</action>
		<!-- 自由格式 -->
		<action path="/hvps/ccms/hvfreeinfo" name="hvfreeinfoForm" scope="request" parameter="method">
		    <forward name="index" path="/jsp/hvps/ccms/hvps303/hvfreeinfolist.jsp" />
		    <forward name="edit" path="/jsp/hvps/ccms/hvps303/hvfreeinfoedit.jsp" />
		    <forward name="detail" path="/jsp/hvps/ccms/hvps303/hvfreeinfodetail.jsp" />
		</action>
		<!-- 查询查复 -->
		<action path="/hvps/ccms/hvtransqry" name="hvtransqryForm" scope="request" parameter="method">
		    <forward name="index" path="/jsp/hvps/ccms/hvps314/hvtransqrylist.jsp" />
		    <forward name="edit" path="/jsp/hvps/ccms/hvps314/hvtransqryedit.jsp" />
		    <forward name="detail" path="/jsp/hvps/ccms/hvps314/hvtransqrydetail.jsp" />
		</action>
		<!-- 撤销 -->
		<action path="/hvps/ccms/hvtransrepeal" name="hvtransrepealForm" scope="request" parameter="method">
		    <forward name="hvSndexchglist" path="/jsp/hvps/ccms/hvps307/hvSndexchglist.jsp" />
		    <forward name="index" path="/jsp/hvps/ccms/hvps307/hvtransrepeallist.jsp" />
		    <forward name="detail" path="/jsp/hvps/ccms/hvps307/hvtransrepealdetail.jsp" />
		</action>
		<!-- 大额业务状态查询 -->
		<action path="/hvps/ccms/hvtransstqry" name="hvtransstqryForm" scope="request" parameter="method">
			<forward name="query" path="/jsp/hvps/ccms/transstqry/list.jsp" />
			<forward name="detail" path="/jsp/hvps/ccms/transstqry/detail.jsp" />
			<forward name="add" path="/jsp/hvps/ccms/transstqry/add.jsp" />
		</action>
		<!-- 退回 -->
		<action path="/hvps/ccms/hvpmtrtrcl" name="cmPmtrtrlistForm" scope="request" parameter="method">
		    <forward name="hvSndexchglist" path="/jsp/hvps/ccms/hvps318/hvSndexchglist.jsp" />
		    <forward name="index" path="/jsp/hvps/ccms/hvps318/hvpmtrtrcllist.jsp" />
		    <forward name="detail" path="/jsp/hvps/ccms/hvps318/hvpmtrtrcldetail.jsp" />
		  	 <forward name="answer" path="/jsp/hvps/ccms/hvps318/answer.jsp" />
		</action>
		<!-- 大额登陆退出申请  -->
	   <action path="/hvps/ccms/logon" name="cmLogonForm" scope="request" parameter="method">
			<forward name="ui" path="/jsp/hvps/ccms/hvps805/hvlogon.jsp" />
		</action>
		<!-- 大额登陆退出授权 -->
		<action path="/hvps/ccms/accreditlogon" name="cmLogonForm" scope="request"  parameter="method">
			<forward name="ui" path="/jsp/hvps/ccms/hvps805/accredithvlogon.jsp" />
		</action>
		<!-- 城市商业银行汇票申请退回 业务 -->
		<action path="/hvps/ccms/draftReturn" name="hvDraftForm" scope="request" parameter="method">
			<forward name="addHvps153" path="/jsp/hvps/payment/draft/addHvps153.jsp" />
			<forward name="draftReturnQuery" path="/jsp/hvps/payment/draft/draftReturnQuery.jsp" />
			<forward name="draftReturnDetail" path="/jsp/hvps/payment/draft/draftReturnDetail.jsp" />
		</action>
		<!-- 城市商业银行汇票全额兑付通知 -->
		<action path="/hvps/ccms/draft152" name="hvDraftForm" scope="request" parameter="method">
			<forward name="draft152list" path="/jsp/hvps/payment/draft/draft152list.jsp" />
			<forward name="draft152detail" path="/jsp/hvps/payment/draft/draft152detail.jsp" />
		</action>
		<!-- 即时转账排队/撤销通知报文 hvps.142.001.01-->
		<action path="/hvps/ccms/hvItrfntfctn" name="hvItrfntfctnForm" scope="request" parameter="method">
			<forward name="list" path="/jsp/hvps/ccms/hvps142/list.jsp" />
			<forward name="detail" path="/jsp/hvps/ccms/hvps142/detail.jsp" />
		</action>
		
		
		<!--*************************大额日终处理模块*************************-->
		<!-- 大额手工对账710 -->
		<action path="/hvps/dayend/hvps710"  scope="request" parameter="method">
			<forward name="manualcheck" path="/jsp/hvps/dayend/manualcheckAccount.jsp" />
		</action>
		<!-- 大额对账结果汇总查询 -->
		<action path="/hvps/dayend/hvcheckcl"  name="hvCheckclForm" scope="request" parameter="method">
			<forward name="index" path="/jsp/hvps/dayend/hvcheckcl.jsp" />
		</action>
		<!-- 大额手工对帐 -->
		<action path="/hvps/hvHandCheckAction" name="hvHandCheckForm"
			scope="request" parameter="method">
			<forward name="list"
				path="/jsp/hvps/dayend/hvHandCheck.jsp" />
			<forward name="gohandcheck"
				path="/jsp/hvps/dayend/sendHvHandCheck.jsp" />
		</action>
		
		
		<!--*************************大额报表模块模块*************************-->
		<!-- 大额即时转帐已清算来帐清单和凭证 fq -->
		<action path="/hvps/report/hvRTimeCreditAction" name="hvRTimeCreditReportForm"
			scope="request" parameter="method">
			<forward name="hvRTimeCredit"
				path="/jsp/hvps/report/hvRTimeCreditList.jsp" />
		</action>
		<!-- 大额即时转帐排队/撤消通知清单 fq -->
		<action path="/hvps/report/hvRTimeQueRevAction" name="hvRTimeQueRevReportForm"
			scope="request" parameter="method">
			<forward name="hvRTimeQueRev"
				path="/jsp/hvps/report/hvRTimeQueRevList.jsp" />
		</action>
		<!-- 大额大额支付交易已清算往账清单报表 fq -->
		<action path="/hvps/report/hvSentLiquidated" name="hvSentLiquidatedReportForm"
			scope="request" parameter="method">
			<forward name="hvSentLiquidated"
				path="/jsp/hvps/report/hvSentLiquidatedList.jsp" />
		</action>
		<!-- 大额支付业务往账明细清单报表 fq -->
		<action path="/hvps/report/hvSentDetail" name="hvSentDetailReportForm"
			scope="request" parameter="method">
			<forward name="hvSentDetail"
				path="/jsp/hvps/report/hvSentDetail.jsp" />
		</action>
		<!-- 大额支付交易已清算来账清单 fq -->
		<action path="/hvps/report/hvRecvLiquidated" name="hvRecvLiquidatedReportForm"
			scope="request" parameter="method">
			<forward name="hvRecvLiquidated"
				path="/jsp/hvps/report/hvRecvLiquidatedList.jsp" />
			<forward name="hvRecvVoucherCMT100"
				path="/jsp/hvps/report/HvRecvVoucherCMT100.jsp" />
		</action>
		<!-- 大额支付业务来账明细清单 fq -->
		<action path="/hvps/report/hvRecvDetail" name="hvRecvDetailReportForm"
			scope="request" parameter="method">
			<forward name="hvRecvDetail"
				path="/jsp/hvps/report/hvRecvDetail.jsp" />
		</action>
		<!-- 大额支付交易异常往账清单 fq -->
		<action path="/hvps/report/hvSentError" name="hvSentErrorReportForm"
			scope="request" parameter="method">
			<forward name="hvSentError"
				path="/jsp/hvps/report/hvSentErrorList.jsp" />
		</action>
		<!-- 大额支付交易异常来账清单 fq -->
		<action path="/hvps/report/hvRecvError" name="hvRecvErrorReportForm"
			scope="request" parameter="method">
			<forward name="hvRecvError"
				path="/jsp/hvps/report/hvRecvErrorList.jsp" />
		</action>
		<!-- 大额自由格式清单 fq -->
		<action path="/hvps/report/hvFreeInfo" name="hvFreeInfoReportForm"
			scope="request" parameter="method">
			<forward name="hvFreeInfo"
				path="/jsp/hvps/report/hvbpFreeInfoList.jsp" />
		</action>
		<!-- 大/小额查询查复清单 fq -->
		<action path="/hvps/report/hvQueryAndReply" name="hvQueryAndReplyReportForm"
			scope="request" parameter="method">
			<forward name="hvQueryAndReply"
				path="/jsp/hvps/report/hvQueryAndReplyList.jsp" />
		</action>
		<!-- 大额申请退回清单 fq -->
		<action path="/hvps/report/hvReqAndRsp" name="hvReqAndRspReportForm"
			scope="request" parameter="method">
			<forward name="hvReqAndRsp"
				path="/jsp/hvps/report/hvbpReqAndResList.jsp" />
		</action>
		<!-- 大额撤销申请应答清单 fq -->
		<action path="/hvps/report/hvDisFrock" name="hvDisFrockReportForm" scope="request" parameter="method">
			<forward name="hvDisFrock" path="/jsp/hvps/report/hvbpDisFrockList.jsp" />
		</action>
		
		<!-- 大额汇兑业务凭证汇总 fq -->			
		<action path="/hvps/report/hvpsSearchReport" scope="request" name="hvSndexchglistForm" parameter="method">
		    <forward name="hvSndRcvSearch" path="/jsp/hvps/report/search/hvSndRcvSearch.jsp" /> 
		    <!-- 查询已排队的业务 -->
		    <forward name="queuing" path="/jsp/saps/saps365/hvQueuingList.jsp" /> 
		    <forward name="forwardErrorDetailPage" path="/jsp/hvps/payment/search/details/forwardErrorPage.jsp"/>
		    <forward name="hvps111SndDtl" path="/jsp/hvps/payment/search/details/hvps111SndDtl.jsp"/>           
		    <forward name="hvps111RcvDtl" path="/jsp/hvps/payment/search/details/hvps111RcvDtl.jsp"/>
		    <forward name="hvps112SndDtl" path="/jsp/hvps/payment/search/details/hvps112SndDtl.jsp"/>           
		    <forward name="hvps112RcvDtl" path="/jsp/hvps/payment/search/details/hvps112RcvDtl.jsp"/>
		    <forward name="cmtSndDtl" path="/jsp/hvps/payment/search/details/cmtSndDtl.jsp"/>           
		    <forward name="cmtRcvDtl" path="/jsp/hvps/payment/search/details/cmtRcvDtl.jsp"/>
		    <forward name="trofacSndDtl" path="/jsp/hvps/payment/search/details/trofacSndDtl.jsp"/> 
		    <forward name="trofacRcvDtl" path="/jsp/hvps/payment/search/details/trofacRcvDtl.jsp"/> 
		    <!-- end  -->
		    <forward name="bankselect" path="/jsp/hvps/payment/input/hvps111/bankSelect.jsp" />
		</action>
		
		
		
		<!-- 大额往账贷记数据导入 -->
		<action path="/hvps/hvinport/batchTempletDown" scope="request" parameter="method" />
		<action path="/hvps/hvinport/hvimport" scope="request" parameter="method">
			<forward name="hvimport" path="/jsp/hvps/hvinputSend.jsp"></forward>
		</action>
				
				<!-- 日间透支记息清单  -->                                                                  
		<action path="/hvps/report/hvDayOverInt" name="hvDayOverIntReportForm"              
			scope="request" parameter="method">                                               
			<forward name="hvDayOverInt"                                                      
				path="/jsp/hvps/report/hvDayOverIntList.jsp" />                                 
		</action>                                                                           
		                                                                                    
		<!-- 日终对账汇总结果查询  -->                                                                
		<action path="/hvps/report/hvDayCheckCl" name="hvDayCheckClReportForm"              
			scope="request" parameter="method">                                               
			<forward name="hvDayCheckCl"                                                      
				path="/jsp/hvps/report/hvDayCheckClList.jsp" />                                 
		</action>                                                                           
		
		<!-- 大额即时转帐清单 -->
		<action path="/hvps/report/hvRTimeBTAction" name="hvRTimeBTForm"
			scope="request" parameter="method">
			<forward name="hvRTimeBT"
				path="/jsp/hvps/report/hvRTimeBTList.jsp" />
		</action>
		<!-- 大额业务汇总日报表  -->
		<action path="/hvps/report/hvDayCollect" name="hvDayCollectReportForm"
			scope="request" parameter="method">
			<forward name="hvDayCollect"
				path="/jsp/hvps/report/hvDayCollectList.jsp" />
		</action>
		
		<!-- 核押错误查询 -->
		<action path="/hvps/ccms/hvps309" name="hvtransstqryForm" scope="request" parameter="method">
			<forward name="list" path="/jsp/hvps/hvps309/list.jsp" />
			<forward name="goAdd" path="/jsp/hvps/hvps309/add.jsp" />
			<forward name="display" path="/jsp/hvps/hvps309/detail.jsp" />
			<forward name="hvps309list" path="/jsp/hvps/hvps309/hvps309list.jsp" />
			
		</action>

		<!-- 核押错误查询报表 -->
		<action path="/hvps/report/hvSealerr" name="hvtransstqryForm" scope="request" parameter="method">
			<forward name="list" path="/jsp/hvps/report/hvSealerr.jsp" />
		</action>
		<!--
 		压力测试
 		-->
		<action path="/hvps/payment/batchSend" scope="request" name="hvSndexchglistForm" parameter="method">
		    <forward name="index" path="/jsp/hvps/payment/stresstest/hvps111_A100.jsp" />
		</action>
	</action-mappings>
</struts-config>


